<?xml version="1.0" encoding="UTF-8"?>
<metadata xml:lang="en"><Esri><CreaDate>20200108</CreaDate><CreaTime>08275900</CreaTime><ArcGISFormat>1.0</ArcGISFormat><ArcGISstyle>FGDC CSDGM Metadata</ArcGISstyle><SyncOnce>FALSE</SyncOnce><DataProperties><itemProps><itemName Sync="TRUE">catalog.JPG</itemName><itemLocation><linkage Sync="TRUE">file://F:\Data\ESRI\Authors\Stephanie\010720\Data Engineering and Visualization\img\catalog.JPG</linkage><protocol Sync="TRUE">Local Area Network</protocol></itemLocation><imsContentType Sync="TRUE">002</imsContentType><nativeExtBox><westBL Sync="TRUE">-0.500000</westBL><eastBL Sync="TRUE">374.500000</eastBL><southBL Sync="TRUE">-399.500000</southBL><northBL Sync="TRUE">0.500000</northBL><exTypeCode Sync="TRUE">1</exTypeCode></nativeExtBox></itemProps><RasterProperties><General><PixelDepth Sync="TRUE">8</PixelDepth><HasColormap Sync="TRUE">FALSE</HasColormap><CompressionType Sync="TRUE">JPEG</CompressionType><NumBands Sync="TRUE">3</NumBands><Format Sync="TRUE">JFIF</Format><HasPyramids Sync="TRUE">TRUE</HasPyramids><SourceType Sync="TRUE">continuous</SourceType><PixelType Sync="TRUE">unsigned integer</PixelType><NoDataValue Sync="TRUE"></NoDataValue></General></RasterProperties></DataProperties><SyncDate>20200108</SyncDate><SyncTime>08275900</SyncTime><ModDate>20200108</ModDate><ModTime>08275900</ModTime></Esri><dataIdInfo><envirDesc Sync="TRUE"> Version 6.2 (Build 9200) ; Esri ArcGIS 10.7.0.10450</envirDesc><dataLang><languageCode value="eng" Sync="TRUE"></languageCode><countryCode value="USA" Sync="TRUE"></countryCode></dataLang><idCitation><resTitle Sync="TRUE">catalog.JPG</resTitle><presForm><PresFormCd value="005" Sync="TRUE"></PresFormCd></presForm></idCitation><spatRpType><SpatRepTypCd value="002" Sync="TRUE"></SpatRepTypCd></spatRpType></dataIdInfo><mdLang><languageCode value="eng" Sync="TRUE"></languageCode><countryCode value="USA" Sync="TRUE"></countryCode></mdLang><mdChar><CharSetCd value="004" Sync="TRUE"></CharSetCd></mdChar><distInfo><distFormat><formatName Sync="TRUE">Raster Dataset</formatName></distFormat></distInfo><mdHrLv><ScopeCd value="005" Sync="TRUE"></ScopeCd></mdHrLv><mdHrLvName Sync="TRUE">dataset</mdHrLvName><spatRepInfo><Georect><cellGeo><CellGeoCd Sync="TRUE" value="002"></CellGeoCd></cellGeo><numDims Sync="TRUE">2</numDims><tranParaAv Sync="TRUE">1</tranParaAv><chkPtAv Sync="TRUE">0</chkPtAv><cornerPts><pos Sync="TRUE">-0.500000 -399.500000</pos></cornerPts><cornerPts><pos Sync="TRUE">-0.500000 0.500000</pos></cornerPts><cornerPts><pos Sync="TRUE">374.500000 0.500000</pos></cornerPts><cornerPts><pos Sync="TRUE">374.500000 -399.500000</pos></cornerPts><centerPt><pos Sync="TRUE">187.000000 -199.500000</pos></centerPt><axisDimension type="002"><dimSize Sync="TRUE">375</dimSize><dimResol><value Sync="TRUE">1.000000</value></dimResol></axisDimension><axisDimension type="001"><dimSize Sync="TRUE">400</dimSize><dimResol><value Sync="TRUE">1.000000</value></dimResol></axisDimension><ptInPixel><PixOrientCd Sync="TRUE" value="001"></PixOrientCd></ptInPixel></Georect></spatRepInfo><contInfo><ImgDesc><contentTyp><ContentTypCd Sync="TRUE" value="001"></ContentTypCd></contentTyp><covDim><Band><dimDescrp Sync="TRUE">Band_1</dimDescrp><bitsPerVal Sync="TRUE">8</bitsPerVal></Band><Band><dimDescrp Sync="TRUE">Band_2</dimDescrp><bitsPerVal Sync="TRUE">8</bitsPerVal></Band><Band><dimDescrp Sync="TRUE">Band_3</dimDescrp><bitsPerVal Sync="TRUE">8</bitsPerVal></Band></covDim></ImgDesc></contInfo><mdDateSt Sync="TRUE">20200108</mdDateSt></metadata>
